Log_Lead_STF_Real_2025,Lead_STF_Real_2025
-3.4176397379530035,0.05487458954873919
-3.5430629268938647,0.04910906599191445
-3.0863003111196567,0.07357496562146425
-2.961746748922516,0.08214959279766579
-3.1172791723658335,0.07158508586279137
-2.9399663644171317,0.0837485435151199
-2.9128885473324755,0.08577985631152492
-2.9661722297698048,0.08182845819241177
-2.920441561959404,0.0852083430343818
-3.036781265614166,0.07687125642693532
