Log_Lead_STF_Real_2025,Lead_STF_Real_2025
-3.4481838412047914,0.04856738534410037
-3.570722230715043,0.043464601907115194
-3.1244596227137538,0.06511847342476654
-3.002767726405616,0.07270766558292394
-3.1547259883539214,0.06335732404043917
-2.9814890211110034,0.07412277380680724
-2.9550346729578223,0.07592054637962888
-3.0070932021093513,0.07242332732940258
-2.9624164355221123,0.07541455870258833
-3.076084797176269,0.06803553755096713
