Log_Lead_STF_Real_2025,Lead_STF_Real_2025
-3.751473141026829,0.040837004527435446
-4.060107270242875,0.031075809971823874
-3.587387980205994,0.04721980686683457
-3.4809571074774612,0.051884021956321406
-3.620289656450415,0.04586459951952404
-3.4154867804200957,0.05497925227875862
-3.4490866133003135,0.053368362062359766
-3.5755061183237555,0.04771899669656531
-3.623299257381849,0.0457425939347908
-3.7741788820647373,0.04002453969275943
