Lead_STF_Real_2025,Exp_Lead_STF_Real_2025
-3.1746135819044126,0.0418102572037549
-3.3244807334856645,0.03599120292846801
-2.9408896172411323,0.052818719387864387
-3.114095558623919,0.04441866306215958
-3.062913936641594,0.04675126631597337
-2.9835774099724874,0.05061145170711131
-3.0576101064132333,0.04699988583050439
-3.1213266001894926,0.04409862834991891
-3.042733531047869,0.0477043098916032
-3.159441114670853,0.04244945883191377
