Log_Lead_STF_Real_2025,Lead_STF_Real_2025
-3.4176397379530035,0.03278973604722118
-3.5430629268938647,0.028924597338124525
-3.0863003111196567,0.04567060927226074
-2.961746748922516,0.0517284815421528
-3.1172791723658335,0.04427747605772999
-2.9399663644171317,0.052867506937855455
-2.9128885473324755,0.05431860119105654
-2.9661722297698048,0.051500063939485745
-2.920441561959404,0.05390987749285327
-3.036781265614166,0.047989105354659466
-3.1205584894555334,0.04413251399200404
