Lead_STF_Real_2025,Exp_Lead_STF_Real_2025
-3.218636206073228,0.04000958590023398
-3.2574316979023754,0.03848711773747249
-2.885442318748547,0.0558300893789506
-2.9616286203857065,0.05173459251292167
-2.8913347554059783,0.05550208144574904
-2.7662261512498456,0.0628989284463564
-2.8189753787998706,0.05966704752078956
-2.8291531550972904,0.05906284957017114
-2.800403088544093,0.06078555572516531
-2.898594566933295,0.055100605876868596
